# Program:featureCounts v2.0.3; Command:"featureCounts" "-t" "exon" "-g" "Parent" "-O" "-M" "-F" "SAF" "-a" "references/crassa/ERI1.joined.peakCalling.saf" "-o" "counts/crassa.featureCounts.tsv" "bams/crassa/SRR4448063.sam" "bams/crassa/SRR4448064.sam" "bams/crassa/SRR751454.cutadapt.sam" "bams/crassa/SRR755946.cutadapt.sam" "bams/crassa/SRR756251.cutadapt.sam" "bams/crassa/SRR756354.cutadapt.sam" "bams/crassa/SRR769610.sam" "bams/crassa/SRR769748.sam" 
Geneid	Chr	Start	End	Strand	Length	bams/crassa/SRR4448063.sam	bams/crassa/SRR4448064.sam	bams/crassa/SRR751454.cutadapt.sam	bams/crassa/SRR755946.cutadapt.sam	bams/crassa/SRR756251.cutadapt.sam	bams/crassa/SRR756354.cutadapt.sam	bams/crassa/SRR769610.sam	bams/crassa/SRR769748.sam
I.174999.175152	I	174999	175152	.	154	70	569	1	1187	597	499	0	0
I.357681.357869	I	357681	357869	.	189	2855	3439	2	425	177	105	0	0
I.370035.370208	I	370035	370208	.	174	62909	50225	1403	45549	18851	13532	0	0
I.393033.393145	I	393033	393145	.	113	12767	21089	3	7238	3139	2293	3	0
I.420023.420091	I	420023	420091	.	69	862	2248	0	1666	697	558	1	0
I.657449.657509	I	657449	657509	.	61	33310	62351	12	27822	12063	7000	0	0
I.790095.790135	I	790095	790135	.	41	59	1702	10	29728	11333	9868	0	0
I.980447.980570	I	980447	980570	.	124	27845	37583	35	55437	44586	25590	12	6
I.988180.988272	I	988180	988272	.	93	4931	7264	50183	84478	27494	32314	54	22
I.1002338.1002378	I	1002338	1002378	.	41	2281	3790	27	1101	465	518	0	0
I.1166907.1167007	I	1166907	1167007	.	101	106649	105356	3	6323	2805	2045	2	6
I.1376751.1376818	I	1376751	1376818	.	68	3350	11389	0	6650	3391	2436	0	0
I.1550128.1550228	I	1550128	1550228	.	101	76194	43383	719	488488	217890	184628	110	107
I.1579418.1579538	I	1579418	1579538	.	121	1261	7265	1	12551	3622	3907	1	0
I.1595148.1595216	I	1595148	1595216	.	69	124902	116964	24	52594	14958	14854	2	0
I.1661711.1661791	I	1661711	1661791	.	81	332	925	3	8148	4689	4392	1	0
I.1712488.1713032	I	1712488	1713032	.	545	2577	1643	247	3855	5350	2191	3	1
I.1713559.1713688	I	1713559	1713688	.	130	5531	3365	20	4153	6212	2044	7	5
I.1875357.1875445	I	1875357	1875445	.	89	16098	39525	2	26169	9975	9182	117	30
I.2216451.2216528	I	2216451	2216528	.	78	4947	7075	50266	84490	27625	32355	54	23
I.2271351.2271478	I	2271351	2271478	.	128	262016	1170527	149	706359	506538	281845	523	137
I.2348299.2348397	I	2348299	2348397	.	99	76196	43392	720	488118	217538	184455	94	90
I.2539233.2539289	I	2539233	2539289	.	57	14105	107619	2	64629	64979	23336	17	11
I.2543729.2543880	I	2543729	2543880	.	152	462	502	26	620	295	278	1	1
I.2599813.2600023	I	2599813	2600023	.	211	37900	24063	95	2063	823	863	1	0
I.2701162.2701270	I	2701162	2701270	.	109	9670	27275	84	9989	6160	5219	0	5
I.2821315.2821420	I	2821315	2821420	.	106	991	574	2	4134	3174	2045	1	1
I.2846626.2846727	I	2846626	2846727	.	102	7538	10685	66	3125	1102	1275	4	0
I.2887635.2887882	I	2887635	2887882	.	248	3070	2495	0	1716	788	659	0	0
I.2989569.2989616	I	2989569	2989616	.	48	3255	4844	0	12794	10819	4461	11	4
I.4137684.4137871	I	4137684	4137871	.	188	533	1240	9	1323	1322	480	0	0
I.4227671.4227806	I	4227671	4227806	.	136	1282	660	1	102	89	48	1	0
I.4376928.4376978	I	4376928	4376978	.	51	1880	6820	10	3563	2077	1307	0	0
I.4472450.4472579	I	4472450	4472579	.	130	859	3630	139	216585	147526	78743	0	2
I.4861131.4861292	I	4861131	4861292	.	162	860	576	0	471	281	151	0	1
I.4983586.4983683	I	4983586	4983683	.	98	3432	3029	9	8978	3713	3875	1	0
I.5169246.5169326	I	5169246	5169326	.	81	4945	7166	50311	84542	27836	32487	46	25
I.5192076.5192276	I	5192076	5192276	.	201	1281	5949	16	8932	4003	3468	1	1
I.5209492.5209606	I	5209492	5209606	.	115	12790	21167	2	7391	3240	2348	3	0
I.5229898.5230011	I	5229898	5230011	.	114	870	500	2	706	563	347	0	1
I.5457847.5458128	I	5457847	5458128	.	282	2353	748	16	6209	4229	3365	8	1
I.5581196.5581287	I	5581196	5581287	.	92	1103	1267	0	1402	748	662	0	0
I.5606803.5606917	I	5606803	5606917	.	115	2571	10395	0	4932	2454	1924	1	1
I.5626320.5626428	I	5626320	5626428	.	109	262049	1170578	99	705751	506229	281527	525	138
I.5727562.5727997	I	5727562	5727997	.	436	4469	1459	98	2646	1997	1345	2	0
I.5837254.5837325	I	5837254	5837325	.	72	3364	11450	0	6687	3404	2447	0	0
I.5852641.5852747	I	5852641	5852747	.	107	214006	258484	7	48710	16467	13166	0	0
I.5946460.5946530	I	5946460	5946530	.	71	276	446	0	140	148	84	0	0
I.5947467.5947793	I	5947467	5947793	.	327	656	1012	29	583	590	325	0	1
I.6280229.6280330	I	6280229	6280330	.	102	7548	10716	66	3306	1180	1346	4	0
I.6339465.6339578	I	6339465	6339578	.	114	12827	21160	7	8817	3976	2895	7	0
I.6464405.6464445	I	6464405	6464445	.	41	9862	2074	0	761	300	206	0	0
I.6466319.6466376	I	6466319	6466376	.	58	4193	13670	1183	6110	4245	2812	1	4
I.6466686.6466802	I	6466686	6466802	.	117	262752	1180553	103	723448	512607	289446	528	138
I.6520746.6520861	I	6520746	6520861	.	116	28531	38200	9	38612	25536	18473	134	104
I.6687360.6687407	I	6687360	6687407	.	48	1347	1004	0	299	178	151	0	0
I.6702829.6702933	I	6702829	6702933	.	105	276	1138	0	923	373	335	0	0
I.6728623.6728738	I	6728623	6728738	.	116	12793	21262	3	7859	3429	2553	3	0
I.6778085.6778136	I	6778085	6778136	.	52	156	417	0	28	15	13	0	0
I.6778622.6778969	I	6778622	6778969	.	348	352	604	0	89	58	51	0	0
I.6779113.6779504	I	6779113	6779504	.	392	532	675	1	49	27	16	0	0
I.6889043.6889175	I	6889043	6889175	.	133	262910	1171477	134	707948	507364	282532	528	139
I.6949933.6949993	I	6949933	6949993	.	61	55095	58881	20759	125309	32927	44895	385	452
I.6984291.6984425	I	6984291	6984425	.	135	133612	140050	384	116533	51104	50067	2	2
I.7094692.7094851	I	7094692	7094851	.	160	7372	36613	3	52453	22017	18546	0	0
I.7100661.7100771	I	7100661	7100771	.	111	454	1626	4	1690	600	621	6	0
I.7319868.7320392	I	7319868	7320392	.	525	524	1401	16	817	345	398	0	0
I.7322746.7322898	I	7322746	7322898	.	153	188	731	1	27	13	8	0	0
I.7586616.7586656	I	7586616	7586656	.	41	60	1705	10	30768	11566	10312	0	0
I.7645014.7645125	I	7645014	7645125	.	112	1187	1300	5	66	36	16	0	0
I.7818449.7818610	I	7818449	7818610	.	162	740	528	1	221	234	119	1	0
I.7937953.7938073	I	7937953	7938073	.	121	15	530	9	476	209	213	0	0
I.7988442.7988612	I	7988442	7988612	.	171	5473	24802	18	68230	27280	26451	4	7
I.8057750.8057878	I	8057750	8057878	.	129	11430	13617	99	96897	55967	39795	22	25
I.8151160.8151305	I	8151160	8151305	.	146	6686	9958	8926	430584	234775	179025	7	12
I.8189568.8189608	I	8189568	8189608	.	41	2293	3762	25	1135	458	530	0	0
I.8314907.8314995	I	8314907	8314995	.	89	16003	40036	3	26565	10095	9344	115	29
I.8353275.8353384	I	8353275	8353384	.	110	307	547	2	1482	948	668	0	0
I.8431302.8431422	I	8431302	8431422	.	121	814	2418	6	11191	4443	3885	1	0
I.8450415.8450511	I	8450415	8450511	.	97	9685	26273	86	8441	5617	4569	0	5
I.8613997.8614168	I	8613997	8614168	.	172	2925	18712	17	63657	26614	25018	0	4
I.8668407.8668457	I	8668407	8668457	.	51	1170	3875	3	3732	2266	1443	0	0
I.8676082.8676216	I	8676082	8676216	.	135	262843	1174677	134	718112	511188	287214	528	139
I.8676960.8677000	I	8676960	8677000	.	41	2259	3776	25	1129	446	489	0	0
I.8713135.8713241	I	8713135	8713241	.	107	7541	10668	66	3092	1093	1256	4	0
I.8769047.8769157	I	8769047	8769157	.	111	7354	35613	0	52511	22034	18471	0	0
I.8777848.8777922	I	8777848	8777922	.	75	4120	7729	9	11507	4742	3968	17	7
I.8812855.8812935	I	8812855	8812935	.	81	5021	7186	50330	84782	27402	32511	37	22
I.8813137.8813239	I	8813137	8813239	.	103	9716	26424	82	8383	5600	4559	0	5
I.8819996.8820071	I	8819996	8820071	.	76	1480	6043	2	796	333	300	1	0
I.8829023.8829063	I	8829023	8829063	.	41	2299	3645	18	1096	468	489	0	0
I.8898840.8898942	I	8898840	8898942	.	103	7555	10671	66	3435	1201	1390	4	0
I.8904673.8904807	I	8904673	8904807	.	135	137995	148378	379	128614	55698	53056	5	5
I.8944282.8944457	I	8944282	8944457	.	176	2335	6582	19	3944	1819	1375	36	6
I.9266857.9266989	I	9266857	9266989	.	133	26279	34927	1242	119345	67526	47229	23	23
I.9345122.9345243	I	9345122	9345243	.	122	656	12043	1	1343	536	546	0	0
I.9521748.9521828	I	9521748	9521828	.	81	20139	33042	58	11209	5052	5071	18	45
I.9642924.9643060	I	9642924	9643060	.	137	1119	595	8	288	445	140	2	1
II.2479.2526	II	2479	2526	.	48	115	417	0	469	108	253	0	0
II.209777.209914	II	209777	209914	.	138	165	490	1	457	159	175	0	0
II.485930.485985	II	485930	485985	.	56	14143	107481	1	53241	59553	19789	12	8
II.486385.486440	II	486385	486440	.	56	1678	16627	10	4822	3764	1797	0	0
II.562311.562445	II	562311	562445	.	135	138119	147941	345	128186	55914	53138	5	2
II.724504.724638	II	724504	724638	.	135	138275	147930	348	128309	55959	53180	5	2
II.749149.749334	II	749149	749334	.	186	749	5259	4	3532	1595	1305	0	0
II.794286.794335	II	794286	794335	.	50	382	2982	2	795	388	288	0	0
II.795793.795916	II	795793	795916	.	124	4060	15091	677	1049196	725032	379772	12	12
II.813697.813831	II	813697	813831	.	135	138053	147739	362	129543	56526	53694	4	4
II.818777.818911	II	818777	818911	.	135	35403	37855	925	19765	8671	6692	0	0
II.822576.822710	II	822576	822710	.	135	138370	147369	351	128513	55970	53117	5	3
II.908274.908405	II	908274	908405	.	132	941	1902	38	36334	19493	17259	2	2
II.920272.920406	II	920272	920406	.	135	138137	148416	336	128175	56366	53181	4	4
II.963844.963972	II	963844	963972	.	129	134416	144497	206	84302	29852	24769	2	3
II.1443256.1443313	II	1443256	1443313	.	58	261431	1168855	101	661271	489316	263577	522	137
II.1454121.1454254	II	1454121	1454254	.	134	49645	61345	1528	133775	75511	51915	24	23
II.1464554.1464685	II	1464554	1464685	.	132	26290	34986	1205	119446	67518	47247	24	23
II.1465507.1465641	II	1465507	1465641	.	135	18080	22316	198	74207	40452	37961	1	0
II.1520517.1520898	II	1520517	1520898	.	382	775	955	19	1378	1147	837	2	3
II.1521839.1521896	II	1521839	1521896	.	58	14113	107638	3	56426	61166	21152	17	11
II.1538379.1538529	II	1538379	1538529	.	151	413	519	1	954	2770	627	2	7
II.1541139.1541199	II	1541139	1541199	.	61	53800	55561	18920	121007	32159	43136	333	327
II.1551975.1552022	II	1551975	1552022	.	48	3211	4797	0	12886	10843	4489	7	4
II.1817496.1817630	II	1817496	1817630	.	135	138206	148630	394	128706	55602	53229	3	4
II.1836872.1837006	II	1836872	1837006	.	135	138195	148357	337	128077	56380	53172	4	2
II.1860135.1860269	II	1860135	1860269	.	135	138921	148270	359	128512	55851	53443	5	3
II.1868092.1868169	II	1868092	1868169	.	78	18067	29163	0	30633	12007	12416	23	5
II.2209400.2209451	II	2209400	2209451	.	52	6045	7764	31	90172	53605	37728	21	23
II.2454414.2454709	II	2454414	2454709	.	296	136540	93718	1372	116354	49972	51685	1281	1360
II.2541106.2541316	II	2541106	2541316	.	211	375	515	2	121	69	59	0	0
II.2541490.2541846	II	2541490	2541846	.	357	1273	1017	0	142	61	69	0	0
II.2737686.2737889	II	2737686	2737889	.	204	1039	923	49	2210	1188	905	3	0
II.2874505.2874602	II	2874505	2874602	.	98	501	433	7	593	897	265	0	2
II.3040305.3040399	II	3040305	3040399	.	95	86428	90044	1650	1310861	920225	594705	4222	3003
II.3040846.3040961	II	3040846	3040961	.	116	7408	36430	1	52654	22236	18585	0	0
II.3041456.3041548	II	3041456	3041548	.	93	76195	43373	720	488197	217649	184469	193	163
II.3134875.3134962	II	3134875	3134962	.	88	818	827	0	5690	1883	1984	3	2
II.3135355.3135419	II	3135355	3135419	.	65	1338	625	2	1301	713	520	0	0
II.3135658.3135774	II	3135658	3135774	.	117	627	867	0	408	290	181	0	0
II.3181549.3181753	II	3181549	3181753	.	205	420	563	100	571	483	431	0	0
II.3211610.3211802	II	3211610	3211802	.	193	2500	4089	1	3761	1313	1484	1	0
II.3264203.3264366	II	3264203	3264366	.	164	46521	45590	4	3568	1683	1364	2	1
II.3360378.3360502	II	3360378	3360502	.	125	502	440	1	749	411	339	0	1
II.3566652.3566801	II	3566652	3566801	.	150	931	3946	147	211380	145799	77333	4	3
II.3573539.3573668	II	3573539	3573668	.	130	16105	39723	2	26403	10145	9342	109	26
II.3598175.3598303	II	3598175	3598303	.	129	62	868	1	2454	1076	867	0	0
II.3732496.3732630	II	3732496	3732630	.	135	138437	147761	351	128460	55675	53089	5	4
II.3766620.3766669	II	3766620	3766669	.	50	2394	4555	3	4676	2074	2144	0	0
II.3781184.3781264	II	3781184	3781264	.	81	996	11292	1753	39078	13313	13932	65	20
II.3791330.3791464	II	3791330	3791464	.	135	138306	147163	341	128073	56113	53042	6	4
II.3836253.3836369	II	3836253	3836369	.	117	623	11908	1	1347	525	536	0	0
II.3840248.3840382	II	3840248	3840382	.	135	138466	149277	401	128492	55538	53297	3	3
II.3854264.3854406	II	3854264	3854406	.	143	20792	32683	68	11518	5257	5193	17	45
II.4047290.4047371	II	4047290	4047371	.	82	14299	15398	19	8336	4166	2833	1	0
II.4151735.4151869	II	4151735	4151869	.	135	22195	28558	1215	38496	21354	13110	4	2
II.4178375.4178417	II	4178375	4178417	.	43	105	406	0	42	29	22	0	0
II.4178543.4179545	II	4178543	4179545	.	1003	3096	5013	31	1698	1413	1052	0	1
II.4227288.4227401	II	4227288	4227401	.	114	3479	4704	2	31177	11823	11023	128	121
II.4368923.4368975	II	4368923	4368975	.	53	1116	2539	1	2404	805	867	1	0
II.4402421.4402677	II	4402421	4402677	.	257	1247	760	19	963	1202	473	1	0
II.4405719.4405763	II	4405719	4405763	.	45	481	419	4	165	149	77	0	0
II.4454706.4454764	II	4454706	4454764	.	59	14095	107594	1	55534	60852	20774	15	8
II.4455185.4455241	II	4455185	4455241	.	57	14048	107579	1	55530	60848	20773	16	8
III.121967.122048	III	121967	122048	.	82	14355	15265	21	8433	4195	2856	2	0
III.252837.252983	III	252837	252983	.	147	4107	15202	677	1049394	725160	379856	12	12
III.258561.259045	III	258561	259045	.	485	1631	1078	4	789	528	445	2	2
III.330175.330254	III	330175	330254	.	80	24143	39188	76	12741	5889	5728	20	46
III.417937.418326	III	417937	418326	.	390	3280	1831	0	91	40	36	0	0
III.1154011.1154131	III	1154011	1154131	.	121	7423	36338	3	53008	22208	18726	0	0
III.1311529.1311663	III	1311529	1311663	.	135	138865	148859	368	128452	55755	53189	5	3
III.1322294.1322334	III	1322294	1322334	.	41	334	532	0	1807	938	661	0	0
III.1322898.1323004	III	1322898	1323004	.	107	4075	14991	677	1049136	725023	379730	12	12
III.1397942.1397989	III	1397942	1397989	.	48	2928	3184	0	234	186	106	0	0
III.1585242.1585510	III	1585242	1585510	.	269	1111	1375	29	2365	2611	1563	3	4
III.1597950.1598076	III	1597950	1598076	.	127	175	751	3	3044	1110	1193	6	0
III.1611445.1611541	III	1611445	1611541	.	97	101417	98915	0	4732	1930	1355	2	5
III.1756866.1756997	III	1756866	1756997	.	132	42015	48599	217	72639	37775	36726	0	0
III.1817371.1817653	III	1817371	1817653	.	283	1852	1437	6	113	57	36	0	0
III.1856710.1856829	III	1856710	1856829	.	120	7419	36199	2	51897	21813	18403	0	0
III.2171847.2171945	III	2171847	2171945	.	99	46452	47452	3	3295	1583	1286	0	4
III.2418536.2418614	III	2418536	2418614	.	79	2636	4928	6	7124	3043	3089	1	0
III.2599575.2599652	III	2599575	2599652	.	78	18072	29163	0	30635	12008	12415	23	5
III.2711408.2711475	III	2711408	2711475	.	68	3350	11394	0	6657	3399	2442	0	0
III.2726859.2726949	III	2726859	2726949	.	91	2371	7792	0	3372	1889	1295	1	1
III.2744802.2744942	III	2744802	2744942	.	141	15833	27249	811	17606	8259	6049	2	1
III.2993854.2993959	III	2993854	2993959	.	106	631	2985	6	5264	2475	2049	0	1
III.3008427.3008490	III	3008427	3008490	.	64	1151	7734	3	2766	1043	920	1	3
III.3222818.3222961	III	3222818	3222961	.	144	4987	7788	50334	84943	27827	32697	39	19
III.3336863.3336915	III	3336863	3336915	.	53	1201	1627	0	669	274	209	0	0
III.3340424.3340681	III	3340424	3340681	.	258	6488	5826	18	5969	3476	2414	0	1
III.3354986.3355039	III	3354986	3355039	.	54	6889	2463	0	1111	530	468	41	19
III.3549723.3549857	III	3549723	3549857	.	135	138183	148764	389	128778	55559	53157	3	5
III.4387210.4387359	III	4387210	4387359	.	150	4156	15945	685	1050203	725555	380207	12	12
III.4398946.4399033	III	4398946	4399033	.	88	4928	7083	50250	84347	27541	32349	54	20
III.4444488.4444640	III	4444488	4444640	.	153	886	4240	168	219282	149239	79585	1	1
III.4447208.4447352	III	4447208	4447352	.	145	4097	15298	711	1058495	729032	383808	12	12
III.4469731.4469825	III	4469731	4469825	.	95	1686	6339	1	937	361	345	1	0
III.4663838.4663994	III	4663838	4663994	.	157	2057	12981	30	83385	38686	33204	1	2
III.4724182.4724278	III	4724182	4724278	.	97	9771	26301	84	8289	5584	4522	0	5
III.4960619.4960698	III	4960619	4960698	.	80	24154	39216	76	12805	5906	5749	20	46
III.5129108.5129206	III	5129108	5129206	.	99	106641	105211	2	6223	2752	2030	2	6
III.5269477.5269687	III	5269477	5269687	.	211	95	711	2	339	90	149	0	0
III.5269900.5270458	III	5269900	5270458	.	559	285	1093	15	1101	305	509	0	0
III.5270713.5272534	III	5270713	5272534	.	1822	2383	11304	52	4579	1382	2127	0	0
III.5272802.5273363	III	5272802	5273363	.	562	955	2620	67	2028	550	982	0	0
IV.487655.487847	IV	487655	487847	.	193	537	513	32	757	876	411	0	0
IV.509893.509954	IV	509893	509954	.	62	3390	3656	32	12095	1590	3878	0	0
IV.633003.633043	IV	633003	633043	.	41	7	569	0	1593	775	570	0	0
IV.829507.829633	IV	829507	829633	.	127	134585	143630	183	83638	29511	24481	4	2
IV.1418285.1418352	IV	1418285	1418352	.	68	10368	14853	184	58739	32671	32909	0	0
IV.1420234.1420290	IV	1420234	1420290	.	57	5135	6360	28	11267	6300	3995	0	0
IV.1435123.1435179	IV	1435123	1435179	.	57	3402	3287	1	2205	845	823	0	0
IV.1540797.1540916	IV	1540797	1540916	.	120	7449	36311	1	51639	21753	18210	0	0
IV.1655688.1655820	IV	1655688	1655820	.	133	14495	18019	62	97920	57853	40428	23	22
IV.1812646.1812751	IV	1812646	1812751	.	106	8443	37843	0	53269	23777	18800	5	0
IV.1975171.1975230	IV	1975171	1975230	.	60	6647	13063	7	23218	14191	11713	30	17
IV.2119331.2119410	IV	2119331	2119410	.	80	24143	39185	76	12897	5970	5776	17	45
IV.2180235.2180279	IV	2180235	2180279	.	45	1121	606	0	756	998	551	5	3
IV.2245055.2245163	IV	2245055	2245163	.	109	4087	15074	679	1049342	725141	379833	12	12
IV.2247901.2247957	IV	2247901	2247957	.	57	14045	107587	4	56175	61256	20952	17	11
IV.2536919.2537143	IV	2536919	2537143	.	225	37	635	1	894	349	455	0	0
IV.2581730.2581834	IV	2581730	2581834	.	105	4930	7805	50226	84576	28026	32607	44	26
IV.2651574.2651712	IV	2651574	2651712	.	139	291	1096	0	860	350	326	0	0
IV.2791749.2791845	IV	2791749	2791845	.	97	14064	107765	4	56651	61507	21151	15	8
IV.2850355.2850453	IV	2850355	2850453	.	99	10272	26758	85	8840	5863	4721	6	6
IV.2898263.2898330	IV	2898263	2898330	.	68	54925	59021	20759	125262	32829	44861	384	452
IV.3083346.3083473	IV	3083346	3083473	.	128	262276	1174405	102	719070	511052	287529	528	138
IV.3090067.3090114	IV	3090067	3090114	.	48	13	502	26	444	182	212	0	0
IV.3231909.3231965	IV	3231909	3231965	.	57	1380	3011	0	1495	672	547	0	0
IV.3235259.3235350	IV	3235259	3235350	.	92	1149	1210	50	7774	3093	2796	2	0
IV.3264585.3264664	IV	3264585	3264664	.	80	4976	7305	50306	84498	27659	32506	39	23
IV.3413207.3413338	IV	3413207	3413338	.	132	26205	34804	1231	119530	67588	47179	24	23
IV.3840656.3840790	IV	3840656	3840790	.	135	25434	33407	1209	41576	22871	14164	5	2
IV.3944629.3944734	IV	3944629	3944734	.	106	9701	26365	82	8954	5834	4762	0	5
IV.3956888.3957058	IV	3956888	3957058	.	171	1196	1457	0	327	145	155	0	1
IV.3987977.3988034	IV	3987977	3988034	.	58	4221	13708	1182	6251	4287	2825	1	4
IV.4139829.4139961	IV	4139829	4139961	.	133	26207	34893	1227	119377	67483	47244	23	23
IV.4142273.4142373	IV	4142273	4142373	.	101	8345	37718	0	53364	23782	18842	5	0
IV.4317118.4317191	IV	4317118	4317191	.	74	1805	2606	66	8450	3469	3030	3	0
IV.4323408.4323509	IV	4323408	4323509	.	102	7645	10868	66	3104	1067	1244	8	1
IV.4326935.4327051	IV	4326935	4327051	.	117	7420	36559	0	51541	21778	18199	0	0
IV.4327404.4327538	IV	4327404	4327538	.	135	138368	148970	383	128498	55612	53189	2	3
IV.4370358.4370481	IV	4370358	4370481	.	124	106653	105421	3	6344	2808	2102	2	6
IV.4400585.4400689	IV	4400585	4400689	.	105	5011	8037	50237	84499	27610	32384	41	23
IV.4401150.4401298	IV	4401150	4401298	.	149	1168	6662	35	43302	22067	20546	0	1
IV.4419520.4419615	IV	4419520	4419615	.	96	20193	33707	63	11405	5221	5108	25	57
IV.4471895.4471962	IV	4471895	4471962	.	68	3350	11388	0	6646	3391	2435	0	0
IV.4612088.4612200	IV	4612088	4612200	.	113	64	751	94	3349	1592	1641	3	0
IV.4705798.4705887	IV	4705798	4705887	.	90	779	3783	165	201684	142446	73646	3	1
IV.4718306.4718401	IV	4718306	4718401	.	96	4957	7149	50287	84431	27741	32250	51	26
IV.4723326.4723438	IV	4723326	4723438	.	113	3546	4925	1	31306	11897	11079	128	122
IV.4749346.4749393	IV	4749346	4749393	.	48	445	2031	0	771	334	283	0	0
IV.4834724.4834812	IV	4834724	4834812	.	89	15991	39715	3	26220	10040	9248	111	31
IV.4966042.4966198	IV	4966042	4966198	.	157	735	4973	24	4815	2044	1990	0	0
IV.5003293.5003502	IV	5003293	5003502	.	210	1535	2136	3	2865	1380	1085	3	0
IV.5044343.5044473	IV	5044343	5044473	.	131	5090	8786	14	13169	7162	5129	25	8
IV.5128845.5128903	IV	5128845	5128903	.	59	41260	44823	15988	95231	24907	34234	316	381
IV.5148298.5148432	IV	5148298	5148432	.	135	132909	138584	343	116731	50913	49771	4	4
IV.5166100.5166254	IV	5166100	5166254	.	155	741	5357	8	4021	1857	1598	3	0
IV.5195140.5195270	IV	5195140	5195270	.	131	131777	140264	186	81619	28871	24172	4	3
IV.5269188.5269287	IV	5269188	5269287	.	100	9660	26272	87	8536	5642	4626	0	5
IV.5332870.5333009	IV	5332870	5333009	.	140	973	2920	37	43578	22433	20234	2	2
IV.5502395.5502470	IV	5502395	5502470	.	76	1059	409	10	163	152	88	0	1
IV.5590061.5590195	IV	5590061	5590195	.	135	246	550	9	643	340	272	3	1
IV.5703416.5703456	IV	5703416	5703456	.	41	798	2433	0	8720	6333	3514	0	0
Mt.23.249	Mt	23	249	.	227	1699	2603	5	3588	1470	1545	2	0
Mt.572.838	Mt	572	838	.	267	371	980	4	1621	639	783	0	0
Mt.1299.1773	Mt	1299	1773	.	475	659	1094	10	2970	1060	1302	0	0
Mt.2419.2744	Mt	2419	2744	.	326	1226	3420	1	1936	867	739	3	0
Mt.3530.5980	Mt	3530	5980	.	2451	50464	44622	438	75150	33897	27754	42	12
Mt.6106.6156	Mt	6106	6156	.	51	201	667	0	214	55	76	0	0
Mt.6287.8317	Mt	6287	8317	.	2031	25409	32454	402	40988	24226	15222	23	11
Mt.8478.8983	Mt	8478	8983	.	506	1321	3240	2	1669	557	611	1	0
Mt.9630.10517	Mt	9630	10517	.	888	3140	4242	40	3885	1574	1537	2	0
Mt.10682.14284	Mt	10682	14284	.	3603	81293	66316	576	126695	63544	51231	63	28
Mt.14459.14735	Mt	14459	14735	.	277	948	1476	0	1313	576	579	1	0
Mt.15652.17545	Mt	15652	17545	.	1894	14658	20833	459	22399	9293	8405	10	10
Mt.17665.18253	Mt	17665	18253	.	589	3373	7219	16	15011	6821	6088	7	9
Mt.18411.19147	Mt	18411	19147	.	737	3511	12390	39	5314	2218	2159	4	0
Mt.19271.21006	Mt	19271	21006	.	1736	6715	16052	42	20763	11404	8646	18	25
Mt.21110.21519	Mt	21110	21519	.	410	1126	2242	2	3613	1519	1537	0	0
Mt.21839.22537	Mt	21839	22537	.	699	1048	3249	70	4597	1985	2045	0	1
Mt.22702.22984	Mt	22702	22984	.	283	898	2761	10	1804	1047	832	1	0
Mt.23266.24299	Mt	23266	24299	.	1034	1719	4466	13	2764	1099	1178	0	0
Mt.24717.25784	Mt	24717	25784	.	1068	2612	6892	68	3650	1636	1579	1	0
Mt.27648.27697	Mt	27648	27697	.	50	184	475	1	205	90	64	0	0
Mt.27854.28430	Mt	27854	28430	.	577	644	1558	14	2793	1049	1220	1	0
Mt.29129.29272	Mt	29129	29272	.	144	154	550	0	252	99	101	1	0
Mt.29397.29993	Mt	29397	29993	.	597	3215	3829	31	4087	1842	2132	2	3
Mt.30711.31397	Mt	30711	31397	.	687	694	2378	24	1690	827	715	0	0
Mt.31514.31628	Mt	31514	31628	.	115	449	1048	1	856	420	354	0	0
Mt.31950.33285	Mt	31950	33285	.	1336	4683	15132	173	10257	5289	4417	0	0
Mt.33419.33852	Mt	33419	33852	.	434	2237	3920	4	5630	3394	2735	2	2
Mt.34025.34484	Mt	34025	34484	.	460	1096	2438	10	1466	781	702	0	0
Mt.34887.34970	Mt	34887	34970	.	84	292	587	0	410	173	187	0	1
Mt.35094.35664	Mt	35094	35664	.	571	1074	2009	9	1225	649	595	3	0
Mt.36816.36906	Mt	36816	36906	.	91	93	394	0	176	85	76	1	0
Mt.37699.37940	Mt	37699	37940	.	242	548	1970	0	1783	879	725	0	0
Mt.38315.38439	Mt	38315	38439	.	125	470	1353	1	514	296	209	0	0
Mt.38646.38940	Mt	38646	38940	.	295	1176	3526	8	1431	833	703	0	0
Mt.39242.40211	Mt	39242	40211	.	970	2511	2910	53	3950	2305	1929	2	1
Mt.40720.40872	Mt	40720	40872	.	153	479	1049	6	496	276	201	0	0
Mt.41053.41322	Mt	41053	41322	.	270	1101	1044	2	924	590	430	2	1
Mt.41425.42439	Mt	41425	42439	.	1015	5269	5591	50	15901	9042	7919	2	2
Mt.42827.43417	Mt	42827	43417	.	591	3318	3303	14	2533	1735	1245	2	2
Mt.43755.44556	Mt	43755	44556	.	802	1422	2880	35	2831	1287	1344	2	0
Mt.46858.47041	Mt	46858	47041	.	184	447	1224	2	406	154	189	0	0
Mt.47676.47919	Mt	47676	47919	.	244	211	1048	0	339	141	153	1	0
Mt.48524.49448	Mt	48524	49448	.	925	2372	6803	62	4270	2071	1958	2	0
Mt.49554.52855	Mt	49554	52855	.	3302	6274	19099	102	12664	5446	5821	5	0
Mt.52967.53283	Mt	52967	53283	.	317	902	1762	1	1813	849	887	0	0
Mt.53463.53677	Mt	53463	53677	.	215	1467	3114	2	2334	1068	1117	1	0
Mt.53781.54554	Mt	53781	54554	.	774	2233	8147	14	3762	1903	1559	2	0
Mt.54662.54909	Mt	54662	54909	.	248	1010	1187	6	846	629	410	0	0
Mt.56777.57054	Mt	56777	57054	.	278	426	605	7	789	461	385	1	1
Mt.57156.57681	Mt	57156	57681	.	526	1260	2423	34	6707	3272	3129	0	1
Mt.58497.59417	Mt	58497	59417	.	921	1943	4937	64	8762	5098	3995	2	1
Mt.59940.60643	Mt	59940	60643	.	704	3017	7077	68	6134	3171	2589	6	5
Mt.60775.61148	Mt	60775	61148	.	374	3656	2403	7	4279	1731	1707	0	1
Mt.61499.62746	Mt	61499	62746	.	1248	2459	6039	72	7010	2900	3145	0	0
Mt.63255.64775	Mt	63255	64775	.	1521	4191	6421	49	6037	2819	2726	0	1
supercont12.12.1259.1309	supercont12.12	1259	1309	.	51	56379	42854	0	14382	6134	3589	0	0
supercont12.12.6699.6787	supercont12.12	6699	6787	.	89	6284	13477	2	1192	171	386	0	0
supercont12.12.11497.11539	supercont12.12	11497	11539	.	43	661	922	0	319	79	113	0	0
supercont12.12.12730.12800	supercont12.12	12730	12800	.	71	21464	105607	16	56416	27065	24284	0	0
supercont12.12.13000.13042	supercont12.12	13000	13042	.	43	400	2823	0	1549	560	427	0	0
supercont12.12.13452.13517	supercont12.12	13452	13517	.	66	3011	4148	0	5654	839	1829	0	0
supercont12.12.15524.15606	supercont12.12	15524	15606	.	83	5813	11231	1	860	126	287	0	0
supercont12.12.18913.19021	supercont12.12	18913	19021	.	109	55477	41696	2	9683	3493	1732	0	0
supercont12.15.261.305	supercont12.15	261	305	.	45	1745	8674	0	263	54	107	0	0
supercont12.15.468.516	supercont12.15	468	516	.	49	821	1921	0	426	69	134	0	0
supercont12.15.1844.1888	supercont12.15	1844	1888	.	45	1324	893	0	46011	15722	16916	0	0
supercont12.15.3442.3483	supercont12.15	3442	3483	.	42	748	5102	0	78	34	17	0	0
supercont12.15.7111.7440	supercont12.15	7111	7440	.	330	3156	8182	2	2811	380	1003	0	0
supercont12.16.4758.5105	supercont12.16	4758	5105	.	348	12294	16763	6	4175	505	1491	0	0
supercont12.16.6942.7013	supercont12.16	6942	7013	.	72	2357	2486	1	3961	2305	1118	0	0
supercont12.18.2614.2803	supercont12.18	2614	2803	.	190	6054	13490	2	1333	198	434	0	0
supercont12.18.5795.5837	supercont12.18	5795	5837	.	43	9274	17050	1	2459	1472	595	0	0
supercont12.20.2.1646	supercont12.20	2	1646	.	1645	2048607	4033419	11421	2736890	1150530	894582	1510	923
supercont12.8.2654.2793	supercont12.8	2654	2793	.	140	1849	8889	15	330	61	129	0	0
supercont12.8.3665.3722	supercont12.8	3665	3722	.	58	8928	6433	1	1419	257	520	0	0
supercont12.8.4129.4169	supercont12.8	4129	4169	.	41	326	1193	0	186	19	100	0	0
supercont12.8.5685.5728	supercont12.8	5685	5728	.	44	673	1138	7	1022	524	281	0	0
supercont12.8.6276.6329	supercont12.8	6276	6329	.	54	10167	47667	2141	73146	52588	26621	0	0
supercont12.8.7793.7835	supercont12.8	7793	7835	.	43	1096	6074	0	124	59	25	0	0
supercont12.8.8969.9117	supercont12.8	8969	9117	.	149	1558	2248	0	7820	2364	2367	0	0
supercont12.8.10143.10197	supercont12.8	10143	10197	.	55	1206	3449	1	4530	1870	1243	0	0
supercont12.8.11828.12003	supercont12.8	11828	12003	.	176	1449	2210	8	3016	355	878	0	0
supercont12.8.12200.12547	supercont12.8	12200	12547	.	348	12166	15268	2	5243	674	1670	0	0
supercont12.8.14591.14653	supercont12.8	14591	14653	.	63	984	2729	3	42256	21744	17656	0	0
supercont12.8.17398.17534	supercont12.8	17398	17534	.	137	49205	43888	3	19485	7141	5576	0	0
supercont12.8.17652.17694	supercont12.8	17652	17694	.	43	15540	38602	0	37890	12095	9788	0	0
supercont12.8.20396.20443	supercont12.8	20396	20443	.	48	2873	9587	1	274	40	91	0	0
supercont12.8.21027.21371	supercont12.8	21027	21371	.	345	11510	16237	4	4754	616	1674	0	0
supercont12.8.21666.21710	supercont12.8	21666	21710	.	45	152	1538	0	277	30	95	0	0
supercont12.8.23146.23206	supercont12.8	23146	23206	.	61	23756	73246	1	78534	38816	24985	14	9
supercont12.8.27117.27157	supercont12.8	27117	27157	.	41	1038	1715	1	28910	18633	17004	0	0
supercont12.8.27286.27329	supercont12.8	27286	27329	.	44	4451	18364	0	1770	848	621	0	0
supercont12.8.27576.27694	supercont12.8	27576	27694	.	119	18605	21695	4	15281	5416	3592	0	0
supercont12.8.29209.29271	supercont12.8	29209	29271	.	63	1818	9401	1	1148	157	252	0	0
supercont12.8.30076.30186	supercont12.8	30076	30186	.	111	2301	6041	0	1251	205	442	0	0
supercont12.8.35541.35589	supercont12.8	35541	35589	.	49	2333	11583	1	14445	4864	5260	0	0
supercont12.8.36114.36159	supercont12.8	36114	36159	.	46	1035	23902	0	709	302	220	0	0
supercont12.8.36320.36438	supercont12.8	36320	36438	.	119	16419	44309	4032	9297	5741	4052	0	0
supercont12.8.38051.38092	supercont12.8	38051	38092	.	42	1134	5725	1	75	7	26	0	0
supercont12.8.38678.39061	supercont12.8	38678	39061	.	384	6235	23431	80	5224	679	1761	0	0
supercont12.8.40749.40792	supercont12.8	40749	40792	.	44	967	2215	135	8061	3049	2470	0	0
supercont12.8.41055.41128	supercont12.8	41055	41128	.	74	19962	101369	9785	642510	246529	206733	7	11
supercont12.8.43093.43145	supercont12.8	43093	43145	.	53	24792	19070	6	33492	18996	10791	0	0
supercont12.8.43516.43557	supercont12.8	43516	43557	.	42	1548	2344	5	1584	919	679	0	0
supercont12.8.45146.45189	supercont12.8	45146	45189	.	44	3151	11411	4034	8906	5543	3975	0	0
supercont12.8.46454.46494	supercont12.8	46454	46494	.	41	304	521	0	149	15	32	0	0
supercont12.8.47729.47928	supercont12.8	47729	47928	.	200	9645	9317	0	2653	527	1069	0	0
supercont12.8.49647.49793	supercont12.8	49647	49793	.	147	653	2688	479	4615	5739	2418	0	0
supercont12.8.52146.52187	supercont12.8	52146	52187	.	42	2345	25811	1	23757	8916	7361	0	0
supercont12.8.52570.52620	supercont12.8	52570	52620	.	51	55666	45257	2	12424	5079	2821	0	0
supercont12.8.53288.53347	supercont12.8	53288	53347	.	60	999	1267	0	1269	466	455	0	0
supercont12.8.55809.56025	supercont12.8	55809	56025	.	217	8747	11853	1	1259	161	397	0	0
supercont12.8.56430.56675	supercont12.8	56430	56675	.	246	1122	4209	1	1658	189	586	0	0
supercont12.8.58266.58527	supercont12.8	58266	58527	.	262	30825	137270	2	109656	49508	32848	16	11
supercont12.8.59725.59787	supercont12.8	59725	59787	.	63	7785	5561	598	10928	7233	3976	0	0
supercont12.8.64634.64796	supercont12.8	64634	64796	.	163	10166	13363	4	1872	240	541	0	0
supercont12.8.65475.65522	supercont12.8	65475	65522	.	48	1988	4165	0	648	115	196	0	0
supercont12.8.69988.70031	supercont12.8	69988	70031	.	44	2280	2839	1	1288	430	435	0	0
supercont12.8.70700.70744	supercont12.8	70700	70744	.	45	4168	7823	0	6219	2066	2141	0	0
supercont12.8.71656.71783	supercont12.8	71656	71783	.	128	41632	114156	4148	105590	43259	37567	0	0
supercont12.8.73309.73432	supercont12.8	73309	73432	.	124	3073	14787	1	1534	209	441	0	0
supercont12.8.74009.74402	supercont12.8	74009	74402	.	394	17017	32719	85	7998	1128	2790	0	0
supercont12.8.79052.79116	supercont12.8	79052	79116	.	65	2127	16762	0	525	174	137	0	0
supercont12.8.79982.80031	supercont12.8	79982	80031	.	50	19387	35492	5406	99044	43736	30245	0	0
supercont12.8.80487.80530	supercont12.8	80487	80530	.	44	3153	11411	4034	8984	5608	4007	0	0
supercont12.8.81938.82259	supercont12.8	81938	82259	.	322	7337	20244	37	3223	470	942	0	0
supercont12.8.82835.82969	supercont12.8	82835	82969	.	135	4880	12279	3	2902	283	977	0	0
supercont12.8.83135.83189	supercont12.8	83135	83189	.	55	8691	5313	0	855	143	293	0	0
supercont12.8.84960.85003	supercont12.8	84960	85003	.	44	9493	7212	0	301	131	92	0	0
supercont12.8.85222.85271	supercont12.8	85222	85271	.	50	5314	12835	9769	76819	32396	22896	0	0
supercont12.8.87790.87938	supercont12.8	87790	87938	.	149	224165	171928	1	52151	22315	10852	0	0
supercont12.8.88285.88401	supercont12.8	88285	88401	.	117	22907	56535	5	65981	20408	17039	0	0
supercont12.8.88549.88726	supercont12.8	88549	88726	.	178	2083	4576	0	23878	12229	6061	0	0
supercont12.8.88835.88976	supercont12.8	88835	88976	.	142	14701	22032	2	54103	32883	29705	0	0
supercont12.8.89313.89664	supercont12.8	89313	89664	.	352	47307	139848	4053	153642	59851	50510	35	5
supercont12.8.90100.90256	supercont12.8	90100	90256	.	157	1665	6871	177	52998	30135	20128	0	0
supercont12.8.90578.91470	supercont12.8	90578	91470	.	893	39714	91503	80	48951	8051	14791	0	0
supercont12.8.91634.100142	supercont12.8	91634	100142	.	8509	28118578	28173678	104045	20044504	8374811	6624997	7499	6502
supercont12.8.100619.100978	supercont12.8	100619	100978	.	360	3355	13340	15	5169	639	1747	0	0
supercont12.8.101215.101275	supercont12.8	101215	101275	.	61	1017	1974	0	8445	1246	2372	0	0
supercont12.8.102200.102260	supercont12.8	102200	102260	.	61	2147	1734	0	5117	798	1716	0	0
supercont12.8.103762.103833	supercont12.8	103762	103833	.	72	3362	7851	4	27882	13428	9344	0	0
supercont12.8.105584.105634	supercont12.8	105584	105634	.	51	55671	45249	0	12309	5046	2781	0	0
supercont12.8.108646.108788	supercont12.8	108646	108788	.	143	4395	11418	0	5925	680	1477	0	0
supercont12.8.111494.111535	supercont12.8	111494	111535	.	42	1838	2834	0	22601	9019	5829	0	0
supercont12.8.115844.115897	supercont12.8	115844	115897	.	54	41529	113349	4033	105151	42925	37351	0	0
supercont12.8.116411.116486	supercont12.8	116411	116486	.	76	911	2940	0	27667	8898	8080	0	0
supercont12.8.117572.117706	supercont12.8	117572	117706	.	135	8868	17643	0	928	140	316	0	0
supercont12.8.118280.118323	supercont12.8	118280	118323	.	44	1748	6780	2	1500	148	561	0	0
supercont12.8.118433.118526	supercont12.8	118433	118526	.	94	617	3925	0	1171	253	469	0	0
supercont12.8.123888.123936	supercont12.8	123888	123936	.	49	2314	11569	1	14350	4836	5176	0	0
supercont12.8.131675.131722	supercont12.8	131675	131722	.	48	2222	3019	2	45634	11029	9138	0	0
supercont12.8.132168.132344	supercont12.8	132168	132344	.	177	1220	3260	0	674	228	275	0	0
supercont12.8.133653.133698	supercont12.8	133653	133698	.	46	16569	38341	0	479	211	141	0	0
supercont12.8.136150.136323	supercont12.8	136150	136323	.	174	603	3294	22	1397	262	583	0	0
supercont12.8.136437.136479	supercont12.8	136437	136479	.	43	94	1327	0	157	21	35	0	0
supercont12.8.137897.137942	supercont12.8	137897	137942	.	46	1916	38105	0	1115	585	263	0	0
supercont12.8.138741.138784	supercont12.8	138741	138784	.	44	5024	5172	4	4074	1244	903	0	0
supercont12.8.139106.139148	supercont12.8	139106	139148	.	43	349	2682	0	1213	642	380	0	0
supercont12.8.142020.142077	supercont12.8	142020	142077	.	58	75915	57667	1	62224	37070	33569	0	0
supercont12.8.142412.142455	supercont12.8	142412	142455	.	44	3122	11246	4032	8861	5531	3936	0	0
supercont12.8.142996.143053	supercont12.8	142996	143053	.	58	856	2544	1	27509	8927	8046	0	0
supercont12.8.144979.145217	supercont12.8	144979	145217	.	239	9385	9370	7	2610	413	861	0	0
supercont12.8.147157.147218	supercont12.8	147157	147218	.	62	5486	11089	2	19016	8862	6517	0	0
supercont12.8.147574.147622	supercont12.8	147574	147622	.	49	129958	143548	1	16848	6781	5472	0	0
supercont12.8.149396.149436	supercont12.8	149396	149436	.	41	940	3962	1	23497	8831	7285	0	0
supercont12.8.149721.149853	supercont12.8	149721	149853	.	133	10391	43161	0	9015	3572	2643	0	0
supercont12.8.151322.151362	supercont12.8	151322	151362	.	41	3713	2829	1	3614	1733	1108	0	0
supercont12.8.152952.152996	supercont12.8	152952	152996	.	45	549	3395	1	817	119	238	0	0
supercont12.8.156334.156383	supercont12.8	156334	156383	.	50	4056	16526	0	2512	1041	716	0	0
supercont12.8.158228.158269	supercont12.8	158228	158269	.	42	1159	1617	0	2644	962	1038	0	0
supercont12.8.159478.159547	supercont12.8	159478	159547	.	70	1344	3778	1	6077	2726	1741	2	2
supercont12.8.160912.160953	supercont12.8	160912	160953	.	42	1132	5755	0	93	17	24	0	0
supercont12.8.161617.161660	supercont12.8	161617	161660	.	44	1832	6801	3	1523	153	559	0	0
supercont12.8.161770.161880	supercont12.8	161770	161880	.	111	8887	6636	0	1413	267	530	0	0
supercont12.8.163612.163715	supercont12.8	163612	163715	.	104	3338	11354	516	41186	16094	21452	0	0
supercont12.8.164205.164254	supercont12.8	164205	164254	.	50	266996	223400	0	61971	29086	18538	0	0
supercont12.8.167076.167118	supercont12.8	167076	167118	.	43	139	1100	0	1874	635	432	0	0
supercont12.8.168074.168193	supercont12.8	168074	168193	.	120	2952	2803	22	1808	352	651	0	0
supercont12.8.169002.169193	supercont12.8	169002	169193	.	192	1562	6025	3	2554	344	782	0	0
supercont12.8.169588.169632	supercont12.8	169588	169632	.	45	461	827	0	404	71	108	0	0
supercont12.8.173918.173959	supercont12.8	173918	173959	.	42	985	4021	0	53	29	42	0	0
supercont12.8.177073.177351	supercont12.8	177073	177351	.	279	12353	23969	12	6506	735	1819	0	0
supercont12.8.177700.178033	supercont12.8	177700	178033	.	334	10358	11176	1	5064	623	1715	0	0
supercont12.8.179918.179959	supercont12.8	179918	179959	.	42	516	1998	487	4426	5448	2449	0	0
supercont12.8.180425.180468	supercont12.8	180425	180468	.	44	3403	10146	0	1272	500	329	0	0
supercont12.8.180836.180876	supercont12.8	180836	180876	.	41	364	1045	0	838	483	318	0	0
supercont12.8.182741.182782	supercont12.8	182741	182782	.	42	985	4021	0	59	29	47	0	0
supercont12.8.185894.185939	supercont12.8	185894	185939	.	46	747	1917	0	479	74	145	0	0
supercont12.8.186523.186691	supercont12.8	186523	186691	.	169	9682	11628	22	3113	513	981	0	0
supercont12.8.188268.188316	supercont12.8	188268	188316	.	49	5259	75357	0	3983	1998	971	0	0
supercont12.8.189051.189166	supercont12.8	189051	189166	.	116	2904795	873719	5	20046	6857	4715	0	0
supercont12.9.158.386	supercont12.9	158	386	.	229	641425	368201	13	315994	127612	94322	229	90
supercont12.9.1790.2026	supercont12.9	1790	2026	.	237	2708	12366	15	13169	4135	4955	0	0
supercont12.9.2542.2663	supercont12.9	2542	2663	.	122	273	988	9	1476	265	695	0	0
supercont12.9.4368.4609	supercont12.9	4368	4609	.	242	8020	10468	0	1137	176	393	0	0
supercont12.9.4982.5315	supercont12.9	4982	5315	.	334	9659	10034	2	3570	518	1250	0	0
supercont12.9.11235.11278	supercont12.9	11235	11278	.	44	142	12690	0	242	112	73	0	0
supercont12.9.13167.13419	supercont12.9	13167	13419	.	253	10265	20558	0	1702	233	521	0	0
supercont12.9.13880.14216	supercont12.9	13880	14216	.	337	3985	13422	10	3309	437	1106	0	0
supercont12.9.16175.16248	supercont12.9	16175	16248	.	74	1144	2941	0	31674	16462	13312	0	0
supercont12.9.18210.18255	supercont12.9	18210	18255	.	46	2508	8318	0	735	214	199	0	0
supercont12.9.20379.20424	supercont12.9	20379	20424	.	46	10911	16735	3	15388	5227	3629	0	0
supercont12.9.22621.22970	supercont12.9	22621	22970	.	350	12070	17484	4	6577	753	2181	0	0
supercont12.9.25454.25565	supercont12.9	25454	25565	.	112	1002	2548	0	66492	34392	20846	0	0
supercont12.9.29207.29252	supercont12.9	29207	29252	.	46	10924	16737	2	15227	5072	3575	0	0
supercont12.9.30806.31077	supercont12.9	30806	31077	.	272	3447	13299	1	1843	271	561	0	0
supercont12.9.31591.31799	supercont12.9	31591	31799	.	209	9264	8493	3	2034	293	686	0	0
supercont12.9.33581.33635	supercont12.9	33581	33635	.	55	5959	55250	0	18865	9111	6077	0	0
supercont12.9.37714.37762	supercont12.9	37714	37762	.	49	8401	69980	0	2043	983	703	0	0
supercont12.9.39741.39906	supercont12.9	39741	39906	.	166	8365	11811	1	1482	198	476	0	0
supercont12.9.40418.40626	supercont12.9	40418	40626	.	209	9674	11806	3	3070	537	1033	0	0
supercont12.9.40775.40817	supercont12.9	40775	40817	.	43	96	1341	0	134	16	50	0	0
supercont12.9.42200.42280	supercont12.9	42200	42280	.	81	5598	62141	1	27725	8676	6789	0	0
supercont12.9.43027.43151	supercont12.9	43027	43151	.	125	1853	4971	0	66506	34228	20841	0	0
supercont12.9.44482.44583	supercont12.9	44482	44583	.	102	17098	75782	297	7975	2809	2512	0	0
supercont12.9.45042.45086	supercont12.9	45042	45086	.	45	5125	12214	0	863	348	238	0	0
supercont12.9.47467.47583	supercont12.9	47467	47583	.	117	5323	14446	1	21500	9088	7505	0	0
supercont12.9.48403.48443	supercont12.9	48403	48443	.	41	907	2246	0	162	21	118	0	0
supercont12.9.48568.48730	supercont12.9	48568	48730	.	163	10205	13547	4	1883	238	574	0	0
supercont12.9.49396.49483	supercont12.9	49396	49483	.	88	9149	7517	22	2105	369	711	0	0
supercont12.9.54558.54600	supercont12.9	54558	54600	.	43	15541	38605	0	37917	12098	9786	0	0
supercont12.9.57395.57557	supercont12.9	57395	57557	.	163	4572	4555	4	870	113	292	0	0
supercont12.9.57880.58281	supercont12.9	57880	58281	.	402	11734	18319	4	5399	790	1827	0	0
supercont12.9.63387.63429	supercont12.9	63387	63429	.	43	17284	41015	1	40935	13174	10571	0	0
supercont12.9.66134.66178	supercont12.9	66134	66178	.	45	1715	8689	0	198	38	64	0	0
supercont12.9.66757.67101	supercont12.9	66757	67101	.	345	20545	29586	0	12050	1238	3783	1	0
supercont12.9.72688.72766	supercont12.9	72688	72766	.	79	46838	36563	46	50298	20107	15847	2	1
supercont12.9.73952.73996	supercont12.9	73952	73996	.	45	3186	10297	0	16512	6690	5814	0	0
supercont12.9.74963.75097	supercont12.9	74963	75097	.	135	8892	17610	0	933	132	336	0	0
supercont12.9.75728.75926	supercont12.9	75728	75926	.	199	2681	8739	2	2183	357	682	0	0
supercont12.9.78158.78305	supercont12.9	78158	78305	.	148	1722	3352	3	9037	3781	3000	0	0
supercont12.9.80397.80441	supercont12.9	80397	80441	.	45	2317	1303	1	2274	860	705	0	0
supercont12.9.82068.82218	supercont12.9	82068	82218	.	151	10955	17190	6	15677	5302	3862	0	0
supercont12.9.82357.82437	supercont12.9	82357	82437	.	81	1413	3402	0	9137	3573	2351	0	0
supercont12.9.83701.83840	supercont12.9	83701	83840	.	140	1797	1767	0	1180	164	284	0	0
supercont12.9.83995.84101	supercont12.9	83995	84101	.	107	2337	3966	6	2611	359	756	0	0
supercont12.9.84557.84765	supercont12.9	84557	84765	.	209	9546	9660	3	2767	492	1123	0	0
supercont12.9.86809.86871	supercont12.9	86809	86871	.	63	21635	105261	484	58544	28735	25152	0	0
supercont12.9.90186.90226	supercont12.9	90186	90226	.	41	87	713	0	104	36	53	0	0
supercont12.9.90375.90420	supercont12.9	90375	90420	.	46	1490	3968	37	597	189	201	0	0
supercont12.9.92617.92872	supercont12.9	92617	92872	.	256	1467	3847	0	790	128	241	0	0
supercont12.9.93326.93589	supercont12.9	93326	93589	.	264	11162	16673	3	4071	620	1413	0	0
supercont12.9.94914.94973	supercont12.9	94914	94973	.	60	550	1830	0	1513	231	605	0	0
supercont12.9.95198.95244	supercont12.9	95198	95244	.	47	3217	52005	0	3609	1881	912	0	0
supercont12.9.95360.95404	supercont12.9	95360	95404	.	45	10321	12611	0	390	185	95	0	0
supercont12.9.95979.96024	supercont12.9	95979	96024	.	46	3829	15651	0	1350	522	351	0	0
supercont12.9.98190.98342	supercont12.9	98190	98342	.	153	58680	49677	0	18448	7855	4942	1	0
supercont12.9.99945.99990	supercont12.9	99945	99990	.	46	832	931	14	230	162	89	0	0
supercont12.9.102354.102418	supercont12.9	102354	102418	.	65	9198	8664	0	2087	415	713	0	0
supercont12.9.103192.103234	supercont12.9	103192	103234	.	43	324	610	0	160	29	67	0	0
supercont12.9.104479.104524	supercont12.9	104479	104524	.	46	6719	65948	484	51184	25211	22163	0	0
supercont12.9.104752.104914	supercont12.9	104752	104914	.	163	2203	1767	2	12423	5692	3250	0	0
supercont12.9.107477.107517	supercont12.9	107477	107517	.	41	376	1568	580	5381	2434	1400	0	0
supercont12.9.108150.108207	supercont12.9	108150	108207	.	58	1072	1557	0	2172	812	867	0	0
supercont12.9.108616.108663	supercont12.9	108616	108663	.	48	24261	53801	0	2727	827	734	0	0
supercont12.9.111187.111231	supercont12.9	111187	111231	.	45	1785	3349	0	109	15	35	0	0
supercont12.9.113031.113078	supercont12.9	113031	113078	.	48	7450	96890	1	46216	25898	12323	0	0
supercont12.9.113696.113745	supercont12.9	113696	113745	.	50	2798740	628867	3	12607	4152	2708	0	0
supercont12.9.115456.115513	supercont12.9	115456	115513	.	58	2310	3672	2	51742	13274	10822	1	0
supercont12.9.115941.116227	supercont12.9	115941	116227	.	287	65846	128395	9	31174	14608	9035	1	0
supercont12.9.117961.118126	supercont12.9	117961	118126	.	166	3359	11490	0	30444	12275	10113	0	0
supercont12.9.119718.120048	supercont12.9	119718	120048	.	331	1695	6170	3	3441	353	1157	0	0
supercont12.9.121390.121449	supercont12.9	121390	121449	.	60	869	2413	0	1724	303	565	0	0
supercont12.9.122287.122500	supercont12.9	122287	122500	.	214	4262	12369	16	4019	2330	1592	0	0
supercont12.9.124768.124814	supercont12.9	124768	124814	.	47	55166	43898	0	9380	3345	1671	0	0
supercont12.9.125704.125754	supercont12.9	125704	125754	.	51	18448	17158	4020	29920	10644	10757	0	0
supercont12.9.126422.126484	supercont12.9	126422	126484	.	63	959	1610	0	625	217	199	0	0
supercont12.9.128007.128169	supercont12.9	128007	128169	.	163	10095	12987	5	1554	179	469	0	0
supercont12.9.128627.128916	supercont12.9	128627	128916	.	290	11593	16600	3	4404	695	1674	0	0
supercont12.9.129267.129311	supercont12.9	129267	129311	.	45	479	855	0	467	74	120	0	0
supercont12.9.130498.130543	supercont12.9	130498	130543	.	46	1929	38106	0	1130	582	260	0	0
supercont12.9.131111.131258	supercont12.9	131111	131258	.	148	1630	2730	3	5164	2403	1740	0	0
supercont12.9.131399.131515	supercont12.9	131399	131515	.	117	3174	10195	179	21268	10368	6813	0	0
supercont12.9.131688.131729	supercont12.9	131688	131729	.	42	1163	5810	0	2869	1155	669	0	0
supercont12.9.135126.135171	supercont12.9	135126	135171	.	46	10904	16715	3	15109	5066	3524	0	0
supercont12.9.136741.136996	supercont12.9	136741	136996	.	256	10113	20462	2	1619	227	539	0	0
supercont12.9.137317.137642	supercont12.9	137317	137642	.	326	3006	10523	4	4947	567	1648	0	0
supercont12.9.139330.139373	supercont12.9	139330	139373	.	44	916	10876	0	2673	1497	707	0	0
supercont12.9.139499.139553	supercont12.9	139499	139553	.	55	6384	51112	0	16938	8871	5671	0	0
supercont12.9.141506.141547	supercont12.9	141506	141547	.	42	1944	2016	0	1713	438	409	0	0
supercont12.9.141786.141831	supercont12.9	141786	141831	.	46	2510	8323	0	732	212	199	0	0
V.321.464	V	321	464	.	144	6777	66968	18	51788	25538	22247	0	0
V.5199.5255	V	5199	5255	.	57	5373	12574	0	19072	7965	6712	0	0
V.6210.6340	V	6210	6340	.	131	794	1347	0	314	34	106	0	0
V.6826.7274	V	6826	7274	.	449	32534	53824	100	20090	2365	6594	0	0
V.234495.234582	V	234495	234582	.	88	1806	4578	6	19042	4349	6661	0	0
V.362915.363114	V	362915	363114	.	200	24609	53007	282	107673	48417	45859	2	6
V.407627.407764	V	407627	407764	.	138	238	495	2	531	237	162	0	1
V.445718.445850	V	445718	445850	.	133	262889	1171727	133	711976	508849	284302	528	139
V.481946.482065	V	481946	482065	.	120	4222	8096	14	11713	6108	4309	21	7
V.482904.482995	V	482904	482995	.	92	1779	2112	21	5611	2479	2292	0	0
V.558323.558410	V	558323	558410	.	88	1634	3081	12	17588	2633	6199	0	0
V.648237.648299	V	648237	648299	.	63	8623	25852	2	1825	913	600	0	0
V.659557.659705	V	659557	659705	.	149	1610	1395	1	18757	2972	6586	0	0
V.662374.662415	V	662374	662415	.	42	120	496	5	1635	1320	90	0	0
V.673276.673707	V	673276	673707	.	432	702	948	11	788	807	416	1	0
V.679811.679988	V	679811	679988	.	178	953	798	0	71	39	45	1	0
V.680539.680627	V	680539	680627	.	89	16100	39544	1	26220	10112	9274	113	27
V.699193.699319	V	699193	699319	.	127	263043	1176566	133	718455	511151	287361	528	139
V.768405.768539	V	768405	768539	.	135	138009	147444	362	129932	56523	53855	5	4
V.771089.771208	V	771089	771208	.	120	4258	8158	14	12056	6264	4455	21	7
V.811963.812019	V	811963	812019	.	57	3553	3354	0	2711	1066	1026	0	0
V.816408.816468	V	816408	816468	.	61	138	522	0	76	32	27	0	0
V.837682.837881	V	837682	837881	.	200	568	2023	8	664	243	234	1	0
V.845608.845712	V	845608	845712	.	105	5008	7690	50221	84356	27611	32365	41	25
V.1218619.1218672	V	1218619	1218672	.	54	1110	2286	1	1111	445	385	1	0
V.1264979.1265110	V	1264979	1265110	.	132	26243	34835	1195	119462	67489	47175	24	23
V.1388702.1388807	V	1388702	1388807	.	106	2315	4442	14	19383	10027	8702	5	2
V.1447474.1447669	V	1447474	1447669	.	196	871	5154	2	21775	10111	9053	0	0
V.1586457.1586639	V	1586457	1586639	.	183	1362	5148	20	22413	12499	10792	0	4
V.1592071.1592205	V	1592071	1592205	.	135	138335	148130	356	129551	56554	53783	5	2
V.1600431.1600484	V	1600431	1600484	.	54	1396	1408	8	1161	520	515	0	0
V.1797288.1798011	V	1797288	1798011	.	724	684	15335	574	84345	35673	41214	7	3
V.1803618.1803802	V	1803618	1803802	.	185	117	1004	91	3203	6656	2831	13	3
V.1804456.1804662	V	1804456	1804662	.	207	237	1977	754	5392	14395	3128	4	5
V.1848376.1848478	V	1848376	1848478	.	103	9754	26344	84	8624	5750	4658	0	5
V.2373349.2373524	V	2373349	2373524	.	176	1867	2058	12	3818	2245	1814	6	2
V.2472884.2473010	V	2472884	2473010	.	127	1255	611	19	448	504	307	0	0
V.2629596.2629665	V	2629596	2629665	.	70	885	2388	0	1677	712	554	2	0
V.2795381.2795441	V	2795381	2795441	.	61	54723	58785	20759	125378	32858	44917	318	413
V.2868278.2868345	V	2868278	2868345	.	68	41594	45434	15962	95128	24861	34034	266	347
V.2876243.2876300	V	2876243	2876300	.	58	4226	13673	1180	6171	4223	2798	0	3
V.2954065.2954142	V	2954065	2954142	.	78	1474	600	0	1557	1201	952	0	0
V.2980569.2980653	V	2980569	2980653	.	85	1515	3747	0	3299	2550	1126	5	0
V.2997378.2997486	V	2997378	2997486	.	109	298	621	3	2429	862	1000	0	1
V.3041669.3041867	V	3041669	3041867	.	199	34092	49617	11	39319	25472	18682	134	104
V.3074200.3074299	V	3074200	3074299	.	100	2895	4133	23	1852	771	864	14	2
V.3150086.3150187	V	3150086	3150187	.	102	76173	43263	650	488397	217335	184503	108	109
V.3183456.3183534	V	3183456	3183534	.	79	735	2617	2	2082	973	787	0	0
V.3223383.3223587	V	3223383	3223587	.	205	56	674	2	515	314	284	320	44
V.3244516.3244617	V	3244516	3244617	.	102	7642	10891	67	3236	1160	1324	7	0
V.3251029.3251162	V	3251029	3251162	.	134	55555	59355	20760	126179	33173	45290	384	452
V.3270056.3270096	V	3270056	3270096	.	41	2370	4421	1	4415	2003	2007	0	0
V.3270439.3270555	V	3270439	3270555	.	117	28536	38306	9	38622	25535	18476	134	104
V.3288103.3288254	V	3288103	3288254	.	152	2586	5442	29	11584	5209	5045	1	0
V.3461357.3461489	V	3461357	3461489	.	133	144898	138163	1620	161833	78054	58445	21	22
V.3504977.3505054	V	3504977	3505054	.	78	4941	7152	50223	84566	27427	32314	49	20
V.3562236.3562437	V	3562236	3562437	.	202	2397	2508	15	2563	1592	1232	1	1
V.3610374.3610466	V	3610374	3610466	.	93	28240	37785	24	37425	24909	18010	134	104
V.3641476.3641536	V	3641476	3641536	.	61	291	385	6	526	273	214	1	1
V.3750198.3750368	V	3750198	3750368	.	171	360	456	0	9	4	4	0	0
V.3811871.3811962	V	3811871	3811962	.	92	20104	32945	67	11398	5130	5120	23	57
V.3899083.3899198	V	3899083	3899198	.	116	1066	2323	3	31942	21812	12310	21	10
V.3967272.3967367	V	3967272	3967367	.	96	20286	37504	58	12809	5762	5730	20	46
V.4002336.4002435	V	4002336	4002435	.	100	2873	3914	30	2367	948	1069	5	0
V.4008003.4008266	V	4008003	4008266	.	264	2104	1066	110	2290	2125	1221	9	2
V.4092505.4092602	V	4092505	4092602	.	98	46416	46276	0	3113	1453	1189	0	5
V.4095584.4095681	V	4095584	4095681	.	98	106642	105167	1	6163	2740	1994	2	6
V.4185791.4185885	V	4185791	4185885	.	95	1694	426	2	49	54	40	0	0
V.4331850.4331958	V	4331850	4331958	.	109	179	1614	10	1894	853	767	0	0
V.4390704.4390840	V	4390704	4390840	.	137	48740	59826	1501	55861	30832	18845	5	2
V.4392663.4392768	V	4392663	4392768	.	106	2910	4302	25	2844	1147	1149	17	3
V.4423045.4423179	V	4423045	4423179	.	135	25415	33299	1204	41435	22814	14148	5	2
V.4546334.4546384	V	4546334	4546384	.	51	2474	1892	0	530	443	273	0	0
V.4618931.4619059	V	4618931	4619059	.	129	1591	4261	149	76745	48018	31094	1	0
V.4930234.4930340	V	4930234	4930340	.	107	14153	107805	3	54982	60464	20584	16	9
V.4932336.4932423	V	4932336	4932423	.	88	244	937	18	2070	1079	833	0	0
V.4939309.4939435	V	4939309	4939435	.	127	1341	7025	5	12328	3514	3798	1	0
V.4978439.4978509	V	4978439	4978509	.	71	583	1807	129	2104	858	936	1	0
V.5117868.5117949	V	5117868	5117949	.	82	2284	6105	0	3219	1891	1245	1	1
V.5189596.5189696	V	5189596	5189696	.	101	46318	46195	2	3446	1510	1339	2	1
V.5242221.5242292	V	5242221	5242292	.	72	600	1601	27	811	357	374	1	0
V.5510406.5510521	V	5510406	5510521	.	116	1283	1354	0	1518	789	663	0	0
V.5540474.5540614	V	5540474	5540614	.	141	15377	15651	1350	19721	10869	8831	0	0
V.5756507.5756971	V	5756507	5756971	.	465	2439	1619	87	1950	2031	915	2	1
V.5847699.5847740	V	5847699	5847740	.	42	2441	437	0	89	106	32	0	0
V.5849442.5849561	V	5849442	5849561	.	120	1117	440	3	368	399	181	0	0
V.5862914.5862999	V	5862914	5862999	.	86	798	3317	137	193434	137449	69467	0	3
V.5918002.5918152	V	5918002	5918152	.	151	464	1554	5	30090	12571	10212	0	0
V.5937009.5937143	V	5937009	5937143	.	135	138147	147577	369	129781	56627	53820	4	4
V.6264163.6264242	V	6264163	6264242	.	80	995	11282	1753	39054	13312	13922	80	21
V.6293159.6293256	V	6293159	6293256	.	98	1830	5611	1	3332	1408	938	0	0
V.6343589.6343629	V	6343589	6343629	.	41	59	1706	10	30767	11567	10313	0	0
V.6386469.6386592	V	6386469	6386592	.	124	106677	106429	5	6492	2915	2134	2	6
V.6435144.6435713	V	6435144	6435713	.	570	667	1417	9	5675	1711	2591	0	0
VI.323940.324093	VI	323940	324093	.	154	501	2761	7	40656	16508	14783	0	0
VI.342058.342158	VI	342058	342158	.	101	4080	15034	677	1049357	725154	379839	12	12
VI.361512.361555	VI	361512	361555	.	44	2959	3792	0	11444	4863	3282	0	0
VI.430731.430776	VI	430731	430776	.	46	11527	15731	59	15369	8442	4371	0	0
VI.599080.599138	VI	599080	599138	.	59	54925	58881	20759	125228	32821	44850	384	452
VI.625717.625777	VI	625717	625777	.	61	41606	45095	16082	95024	24733	34082	313	376
VI.663919.663978	VI	663919	663978	.	60	41614	44999	16024	95121	24879	34069	315	379
VI.700284.700384	VI	700284	700384	.	101	2064	581	0	2910	1957	1219	1	0
VI.759837.760219	VI	759837	760219	.	383	313	1080	17	4013	2893	2032	0	0
VI.786846.786891	VI	786846	786891	.	46	312	418	0	266	107	86	0	0
VI.911854.911921	VI	911854	911921	.	68	3361	11390	0	6644	3391	2433	0	0
VI.986047.986089	VI	986047	986089	.	43	199	1109	0	65	38	30	0	0
VI.1002069.1002187	VI	1002069	1002187	.	119	76255	43294	665	488582	217346	184542	93	92
VI.1098558.1098672	VI	1098558	1098672	.	115	28633	38140	11	46355	29113	21265	135	104
VI.1198437.1198504	VI	1198437	1198504	.	68	54975	59131	20759	125233	32818	44843	384	452
VI.1203381.1203477	VI	1203381	1203477	.	97	420	1118	0	1053	578	411	3	5
VI.1280490.1280595	VI	1280490	1280595	.	106	16122	40133	2	26332	10055	9286	124	29
VI.1412537.1412605	VI	1412537	1412605	.	69	28508	38121	9	38161	25301	18308	134	104
VI.1413260.1413300	VI	1413260	1413300	.	41	2317	4366	0	4370	1948	1978	0	0
VI.1423806.1423848	VI	1423806	1423848	.	43	823	9204	0	315	179	82	0	0
VI.1425340.1425438	VI	1425340	1425438	.	99	106648	105401	3	6374	2865	2101	2	6
VI.1430544.1430584	VI	1430544	1430584	.	41	2253	3817	24	1203	456	519	0	0
VI.1485210.1485496	VI	1485210	1485496	.	287	133	2189	150	19535	11064	11473	1	0
VI.1554794.1554841	VI	1554794	1554841	.	48	3258	4845	0	12802	10825	4468	11	4
VI.1569828.1570097	VI	1569828	1570097	.	270	2693	8683	0	7247	4213	2835	1	1
VI.1575150.1575239	VI	1575150	1575239	.	90	484	2357	0	3965	2328	1567	0	0
VI.1668828.1668895	VI	1668828	1668895	.	68	3349	11388	0	6645	3394	2434	0	0
VI.1732875.1732949	VI	1732875	1732949	.	75	2021	1574	1	140	102	107	1	2
VI.1733112.1733427	VI	1733112	1733427	.	316	3341	2093	37	2378	3670	1734	1	0
VI.1884379.1884443	VI	1884379	1884443	.	65	24037	38630	75	9865	5087	4519	3	6
VI.2198060.2198136	VI	2198060	2198136	.	77	5025	9828	10	6723	3532	2409	0	0
VI.2201488.2201535	VI	2201488	2201535	.	48	107	778	0	20580	11031	8976	1	0
VI.2267741.2267876	VI	2267741	2267876	.	136	42	1518	6	1428	699	678	0	0
VI.2542430.2542585	VI	2542430	2542585	.	156	15993	42701	6	40213	16623	15706	120	31
VI.2586001.2586068	VI	2586001	2586068	.	68	2228	6004	0	3168	1859	1228	2	1
VI.2641406.2641502	VI	2641406	2641502	.	97	76199	43315	658	488187	217581	184453	259	187
VI.2658164.2658282	VI	2658164	2658282	.	119	3205	2678	109	6267	2755	2845	0	2
VI.3104583.3104681	VI	3104583	3104681	.	99	4097	8323	11	12368	5111	4353	16	6
VI.3112050.3112138	VI	3112050	3112138	.	89	16247	39249	2	26343	10032	9217	109	24
VI.3199851.3199951	VI	3199851	3199951	.	101	327	507	13	892	573	381	1	0
VI.3200088.3200201	VI	3200088	3200201	.	114	3052	5203	9	4988	2010	2002	0	0
VI.3200843.3200949	VI	3200843	3200949	.	107	1213	1087	0	1442	774	708	0	0
VI.3330827.3330904	VI	3330827	3330904	.	78	18066	29168	0	30679	12028	12431	23	5
VI.3331432.3331511	VI	3331432	3331511	.	80	3354	11504	0	7095	3508	2644	0	0
VI.3457994.3458064	VI	3457994	3458064	.	71	3350	11436	0	6758	3438	2480	0	0
VI.3464256.3464409	VI	3464256	3464409	.	154	15965	41478	5	38624	16209	15190	119	29
VI.3485208.3485301	VI	3485208	3485301	.	94	4945	7306	50215	84608	27370	32257	44	20
VI.3498701.3498742	VI	3498701	3498742	.	42	56	747	116	29410	12911	11399	0	0
VI.3549970.3550067	VI	3549970	3550067	.	98	3431	3042	9	8855	3694	3805	1	0
VI.3600235.3600708	VI	3600235	3600708	.	474	1248	1175	89	1678	739	1109	3	0
VI.3606019.3606159	VI	3606019	3606159	.	141	637	780	4	190	134	86	0	0
VI.3663374.3663996	VI	3663374	3663996	.	623	261	1512	1	56	86	25	0	0
VI.3664119.3664321	VI	3664119	3664321	.	203	103	633	1	14	23	3	0	0
VI.3664448.3665190	VI	3664448	3665190	.	743	165	1574	1	35	53	18	0	0
VI.3665599.3666611	VI	3665599	3666611	.	1013	507	2972	0	34	60	13	0	0
VI.3666749.3666908	VI	3666749	3666908	.	160	75	547	0	6	10	3	0	0
VI.3669628.3669993	VI	3669628	3669993	.	366	81	693	0	32	25	15	0	0
VI.3672205.3672258	VI	3672205	3672258	.	54	414	2782	1	1206	561	459	0	0
VI.3757587.3757676	VI	3757587	3757676	.	90	16163	39486	2	26925	10418	9418	104	25
VI.3777510.3777551	VI	3777510	3777551	.	42	418	1982	1	746	258	296	1	0
VI.3980028.3980107	VI	3980028	3980107	.	80	994	11286	1753	39010	13290	13914	65	20
VI.3985898.3986002	VI	3985898	3986002	.	105	4963	7399	50256	84509	27883	32543	44	23
VI.3986391.3986541	VI	3986391	3986541	.	151	355	5741	186	38467	19866	18281	0	0
VI.3987911.3988160	VI	3987911	3988160	.	250	1239	698	9	387	428	215	1	0
VI.4097411.4097542	VI	4097411	4097542	.	132	527	1570	5	13919	6698	6069	0	0
VII.573.616	VII	573	616	.	44	362	416	0	1952	793	1260	0	0
VII.1680.2293	VII	1680	2293	.	614	517	1203	10	1924	626	767	0	0
VII.52648.52753	VII	52648	52753	.	106	1827	959	53	1099	448	381	8	3
VII.89496.89632	VII	89496	89632	.	137	263210	1177953	133	723712	513613	289401	528	139
VII.125593.125638	VII	125593	125638	.	46	2366	4488	2	6026	2509	2673	0	0
VII.355904.356001	VII	355904	356001	.	98	46414	46281	0	3321	1510	1257	0	5
VII.440311.440378	VII	440311	440378	.	68	3351	11400	0	6682	3402	2452	0	0
VII.551643.551732	VII	551643	551732	.	90	16057	39900	2	26764	10215	9294	110	27
VII.771631.771687	VII	771631	771687	.	57	3413	3296	1	2772	1130	1019	0	0
VII.859663.859763	VII	859663	859763	.	101	76184	43321	656	488358	217723	184549	110	107
VII.948374.948502	VII	948374	948502	.	129	396	2288	3	34906	18780	16755	4	1
VII.987621.987774	VII	987621	987774	.	154	1731	8090	34	37380	18666	13045	3	0
VII.1039046.1039242	VII	1039046	1039242	.	197	886	729	0	30	17	17	0	0
VII.1240561.1240677	VII	1240561	1240677	.	117	7390	36487	0	51652	21863	18222	0	0
VII.1241247.1241314	VII	1241247	1241314	.	68	3361	11394	0	6642	3391	2431	0	0
VII.1380460.1380562	VII	1380460	1380562	.	103	9671	27172	85	9688	6072	5080	0	5
VII.1399226.1399291	VII	1399226	1399291	.	66	308	447	7	766	267	282	1	0
VII.1409219.1409290	VII	1409219	1409290	.	72	20095	32994	67	11217	5092	5068	20	46
VII.1621568.1621663	VII	1621568	1621663	.	96	4982	8307	50315	85947	28358	32912	40	21
VII.1626334.1626454	VII	1626334	1626454	.	121	1491	7305	0	13201	3898	4115	1	0
VII.1639726.1639766	VII	1639726	1639766	.	41	2370	4439	2	4675	2069	2151	0	0
VII.1660912.1661044	VII	1660912	1661044	.	133	1007	2535	40	36459	19519	17263	1	1
VII.1764913.1765016	VII	1764913	1765016	.	104	298	897	14	220	236	110	0	0
VII.1765141.1766050	VII	1765141	1766050	.	910	5956	6275	45	2883	3557	1715	4	3
VII.1795983.1796109	VII	1795983	1796109	.	127	743	2267	33	662	348	247	0	0
VII.1906090.1906178	VII	1906090	1906178	.	89	16021	40068	3	26594	10122	9280	108	27
VII.1910270.1910362	VII	1910270	1910362	.	93	28149	37693	24	38311	25424	18400	134	104
VII.1934768.1934858	VII	1934768	1934858	.	91	4912	7102	50417	84678	27897	32383	49	24
VII.1944514.1944600	VII	1944514	1944600	.	87	4964	7242	50211	84594	27311	32343	44	22
VII.1944905.1945018	VII	1944905	1945018	.	114	3585	4993	1	31234	11838	11057	128	122
VII.1947896.1948012	VII	1947896	1948012	.	117	7384	36571	0	52937	22343	18759	0	0
VII.1962765.1962875	VII	1962765	1962875	.	111	201	814	20	1233	636	512	0	0
VII.2639363.2639477	VII	2639363	2639477	.	115	6684	13169	11	31155	17853	14538	31	17
VII.2646641.2646792	VII	2646641	2646792	.	152	4122	15814	679	1055672	727994	382515	12	12
VII.2658987.2659048	VII	2658987	2659048	.	62	14055	107663	3	53353	59608	19860	12	8
VII.2724729.2724834	VII	2724729	2724834	.	106	416	1251	0	10820	5510	5116	0	0
VII.2835352.2835454	VII	2835352	2835454	.	103	3270	5712	10	21258	10709	9120	20	4
VII.2865390.2865520	VII	2865390	2865520	.	131	791	3315	144	222273	151132	81662	1	4
VII.2891210.2891298	VII	2891210	2891298	.	89	16060	39677	2	26156	10032	9164	115	31
VII.2892471.2892626	VII	2892471	2892626	.	156	198	5461	3	14151	6806	6561	0	0
VII.2935160.2935248	VII	2935160	2935248	.	89	16142	39440	1	26343	10107	9250	108	24
VII.3179058.3179266	VII	3179058	3179266	.	209	1060	611	0	77	81	59	0	0
VII.3375294.3375407	VII	3375294	3375407	.	114	28317	37807	11	37220	24785	17940	134	104
VII.3395495.3395583	VII	3395495	3395583	.	89	15964	39669	2	26321	10145	9255	109	30
VII.3529756.3529850	VII	3529756	3529850	.	95	86436	90066	1660	1311224	920475	594813	4273	3051
VII.3638882.3638981	VII	3638882	3638981	.	100	46323	46126	2	3238	1540	1239	0	1
VII.3703738.3703815	VII	3703738	3703815	.	78	18071	29168	0	30633	12011	12417	23	5
VII.3833080.3833203	VII	3833080	3833203	.	124	46311	45121	2	3641	1693	1357	2	2
VII.3867507.3867599	VII	3867507	3867599	.	93	1825	992	53	3413	1240	1225	8	3
VII.3893035.3893111	VII	3893035	3893111	.	77	1257	482	0	248	462	132	0	0
VII.3949183.3949317	VII	3949183	3949317	.	135	138287	147797	336	128384	56233	53229	3	5
VII.3960694.3960787	VII	3960694	3960787	.	94	9694	26199	82	8422	5604	4571	0	5
